{
  "accuracy": 0.6116825863335783,
  "f1": 0.5025882352941177,
  "loss": 0.629747748374939,
  "precision": 0.6033898305084746,
  "recall": 0.4306451612903226,
  "roc_auc": 0.6599187562578903
}
